7bd9c119-fa4c-41d9-a317-87d8034681d7,d30751e0-492a-413f-8879-9735fcafc014
0807b540-2f19-4ffd-bf31-0919f6088086,c882425c-4eb7-4561-bef9-01a6bb1e6626
eb96285f-3116-4d91-b8df-2336c554b1a8,b95217d6-f0f4-44e5-89c3-34455b28d94e
ba0edfd4-ffe1-4b59-b4d8-f65296240fa1,279f7435-4c01-4645-bbdb-928db98f25db
386ca61a-57fc-4216-8307-791ec52d5aeb,6000a0f2-6804-46d4-8c0a-f2ce643dd8fa
09719dda-0961-4c43-8ec5-49d275e09ad4,e029ec3e-af70-4dd7-a82a-7881b820194b
273dfd63-a2e0-4a57-a711-57b5fa31702b,a30d4e17-a95c-4a93-9f6c-57470a2530d4
674d2426-5b0c-479d-b20e-60306a0d3f84,63903687-cdf4-4a75-a302-fdc1b9c37557
3f3e396d-eb4c-4704-b22d-cef503667a08,65ea11da-60ce-4b65-ba49-d72fd348621f
6566fd92-d4fa-4bc0-98f1-b1154b54a589,e8ecb56f-199c-41c9-a536-c91bf37228ba
8a896008-78d4-4cd8-9dc1-745a7bb312cc,6db0acec-5ca1-4155-aba4-22edbbebfaf2
341470f4-8f0a-4d23-b875-e58dadcbc4d4,6a023510-bdf2-472a-bb15-78de8a2925da
4770d1bf-78ff-45eb-9fb3-79e0230eda95,98f766d0-5520-4e27-b93b-cdb6b30fd0c4
0b870b42-b576-4104-9705-ce41b1ebb231,ae5cfbbf-6013-4bb8-971d-6819d76c765b
2dbdceaa-dfa1-48b4-b77e-606617d18693,0eae7d75-87f9-4779-a7e3-cf41bbe0f7eb
1ca9b766-dc52-4021-b128-f2ff1094a0d8,7a4061ce-9399-4bc0-98bd-25fea99508b7
02699add-d90a-43be-b848-a7c4a735f1dd,320c8d63-989c-427d-8b9c-34d98bcd162c
5ec96355-1d8a-489b-82df-29f78eea18eb,1c660510-5277-45ff-a510-c66822c897a4
84e5f395-8e51-4450-a4c3-8d8997cba08c,58b40fd3-0334-4405-8e0e-e082e3c68f0f
ec321f87-9143-4d9b-a0ed-16c56b13cca8,6b493547-47e7-450e-b119-4859ef3b7ac4
c7fda2fe-b7da-4afa-9b47-2290cbdea8d6,9c0de91c-7eaf-4f58-be0c-97afd5ef6256
117ef3df-92a0-4268-81ba-8f1cef8476a8,d74aea6d-634d-483c-9420-df47b0d955ae
9c783528-d6ce-47fa-a096-accb2d5b799f,ae4029c0-48fd-4dc9-8bd0-7cc4718ff740
a246b2c4-4f57-403a-a8fd-5523742c6339,cd89e61b-84fe-42ec-8ed7-1b4dc24a892a
cb7cb821-3d43-496d-a2a9-74c9753217c8,8ff43896-638d-49b8-b14b-f20c109b06e8
e50631e0-1fb5-4b8e-b083-d271bf3f4e60,0c607f6f-3769-498b-a809-fee5a07e1f37
7ebf6aef-dd59-487f-b076-060a266c602b,371d329e-e975-4838-99bb-473869ee1986
abfe135f-a276-418f-8dac-02386d41f61c,06e545dd-b38e-4bf9-aa4d-d2a731e024cf
365a3bf4-2f32-4e66-a056-a8e020a7bd69,3e071287-2646-42b2-b0ac-ca15f39a36ae
c7e2c02e-0fb4-471c-8e94-22dd2a29a701,8c48f379-1fae-4aad-9b84-b26def0fca5a
b6f68619-3b99-47d2-b843-edb683c02d2d,1a472a39-e927-4a8d-b3f1-475513698867
f16b213b-d846-43bf-bd5d-3d182c3c5121,8545a4ce-c9b5-4a18-8f75-6a140243c1f4
7f21f715-3160-4344-937f-677baffe6e27,088c3a7b-c5b7-4140-b5f2-fba538ec70b4
